route,viewport_state,width,height,viewport_meta,css_files,media_query_rules,reduced_motion_source,camera_or_environment_reference,fixed_pixel_sizing_flags,status,browser_execution
index.html,mobile-portrait,390,844,PASS,16,28,PASS,PRESENT,54,SOURCE_VERIFIED,NOT_AVAILABLE_NETWORK_HANG
index.html,mobile-landscape,844,390,PASS,16,28,PASS,PRESENT,54,SOURCE_VERIFIED,NOT_AVAILABLE_NETWORK_HANG
index.html,tablet,1024,768,PASS,16,28,PASS,PRESENT,54,SOURCE_VERIFIED,NOT_AVAILABLE_NETWORK_HANG
index.html,desktop,1440,900,PASS,16,28,PASS,PRESENT,54,SOURCE_VERIFIED,NOT_AVAILABLE_NETWORK_HANG
index.html,wide-desktop,1920,1080,PASS,16,28,PASS,PRESENT,54,SOURCE_VERIFIED,NOT_AVAILABLE_NETWORK_HANG
index.html,reduced-motion,1440,900,PASS,16,28,PASS,PRESENT,54,SOURCE_VERIFIED,NOT_AVAILABLE_NETWORK_HANG
login.html,mobile-portrait,390,844,PASS,11,22,PASS,PRESENT,37,SOURCE_VERIFIED,NOT_AVAILABLE_NETWORK_HANG
login.html,mobile-landscape,844,390,PASS,11,22,PASS,PRESENT,37,SOURCE_VERIFIED,NOT_AVAILABLE_NETWORK_HANG
login.html,tablet,1024,768,PASS,11,22,PASS,PRESENT,37,SOURCE_VERIFIED,NOT_AVAILABLE_NETWORK_HANG
login.html,desktop,1440,900,PASS,11,22,PASS,PRESENT,37,SOURCE_VERIFIED,NOT_AVAILABLE_NETWORK_HANG
login.html,wide-desktop,1920,1080,PASS,11,22,PASS,PRESENT,37,SOURCE_VERIFIED,NOT_AVAILABLE_NETWORK_HANG
login.html,reduced-motion,1440,900,PASS,11,22,PASS,PRESENT,37,SOURCE_VERIFIED,NOT_AVAILABLE_NETWORK_HANG
register.html,mobile-portrait,390,844,PASS,11,22,PASS,PRESENT,37,SOURCE_VERIFIED,NOT_AVAILABLE_NETWORK_HANG
register.html,mobile-landscape,844,390,PASS,11,22,PASS,PRESENT,37,SOURCE_VERIFIED,NOT_AVAILABLE_NETWORK_HANG
register.html,tablet,1024,768,PASS,11,22,PASS,PRESENT,37,SOURCE_VERIFIED,NOT_AVAILABLE_NETWORK_HANG
register.html,desktop,1440,900,PASS,11,22,PASS,PRESENT,37,SOURCE_VERIFIED,NOT_AVAILABLE_NETWORK_HANG
register.html,wide-desktop,1920,1080,PASS,11,22,PASS,PRESENT,37,SOURCE_VERIFIED,NOT_AVAILABLE_NETWORK_HANG
register.html,reduced-motion,1440,900,PASS,11,22,PASS,PRESENT,37,SOURCE_VERIFIED,NOT_AVAILABLE_NETWORK_HANG
market.html,mobile-portrait,390,844,PASS,5,19,PASS,PRESENT,32,SOURCE_VERIFIED,NOT_AVAILABLE_NETWORK_HANG
market.html,mobile-landscape,844,390,PASS,5,19,PASS,PRESENT,32,SOURCE_VERIFIED,NOT_AVAILABLE_NETWORK_HANG
market.html,tablet,1024,768,PASS,5,19,PASS,PRESENT,32,SOURCE_VERIFIED,NOT_AVAILABLE_NETWORK_HANG
market.html,desktop,1440,900,PASS,5,19,PASS,PRESENT,32,SOURCE_VERIFIED,NOT_AVAILABLE_NETWORK_HANG
market.html,wide-desktop,1920,1080,PASS,5,19,PASS,PRESENT,32,SOURCE_VERIFIED,NOT_AVAILABLE_NETWORK_HANG
market.html,reduced-motion,1440,900,PASS,5,19,PASS,PRESENT,32,SOURCE_VERIFIED,NOT_AVAILABLE_NETWORK_HANG
profile.html,mobile-portrait,390,844,PASS,21,40,PASS,PRESENT,69,SOURCE_VERIFIED,NOT_AVAILABLE_NETWORK_HANG
profile.html,mobile-landscape,844,390,PASS,21,40,PASS,PRESENT,69,SOURCE_VERIFIED,NOT_AVAILABLE_NETWORK_HANG
profile.html,tablet,1024,768,PASS,21,40,PASS,PRESENT,69,SOURCE_VERIFIED,NOT_AVAILABLE_NETWORK_HANG
profile.html,desktop,1440,900,PASS,21,40,PASS,PRESENT,69,SOURCE_VERIFIED,NOT_AVAILABLE_NETWORK_HANG
profile.html,wide-desktop,1920,1080,PASS,21,40,PASS,PRESENT,69,SOURCE_VERIFIED,NOT_AVAILABLE_NETWORK_HANG
profile.html,reduced-motion,1440,900,PASS,21,40,PASS,PRESENT,69,SOURCE_VERIFIED,NOT_AVAILABLE_NETWORK_HANG
broker-hq.html,mobile-portrait,390,844,PASS,9,19,PASS,PRESENT,33,SOURCE_VERIFIED,NOT_AVAILABLE_NETWORK_HANG
broker-hq.html,mobile-landscape,844,390,PASS,9,19,PASS,PRESENT,33,SOURCE_VERIFIED,NOT_AVAILABLE_NETWORK_HANG
broker-hq.html,tablet,1024,768,PASS,9,19,PASS,PRESENT,33,SOURCE_VERIFIED,NOT_AVAILABLE_NETWORK_HANG
broker-hq.html,desktop,1440,900,PASS,9,19,PASS,PRESENT,33,SOURCE_VERIFIED,NOT_AVAILABLE_NETWORK_HANG
broker-hq.html,wide-desktop,1920,1080,PASS,9,19,PASS,PRESENT,33,SOURCE_VERIFIED,NOT_AVAILABLE_NETWORK_HANG
broker-hq.html,reduced-motion,1440,900,PASS,9,19,PASS,PRESENT,33,SOURCE_VERIFIED,NOT_AVAILABLE_NETWORK_HANG
admin.html,mobile-portrait,390,844,PASS,8,16,PASS,PRESENT,33,SOURCE_VERIFIED,NOT_AVAILABLE_NETWORK_HANG
admin.html,mobile-landscape,844,390,PASS,8,16,PASS,PRESENT,33,SOURCE_VERIFIED,NOT_AVAILABLE_NETWORK_HANG
admin.html,tablet,1024,768,PASS,8,16,PASS,PRESENT,33,SOURCE_VERIFIED,NOT_AVAILABLE_NETWORK_HANG
admin.html,desktop,1440,900,PASS,8,16,PASS,PRESENT,33,SOURCE_VERIFIED,NOT_AVAILABLE_NETWORK_HANG
admin.html,wide-desktop,1920,1080,PASS,8,16,PASS,PRESENT,33,SOURCE_VERIFIED,NOT_AVAILABLE_NETWORK_HANG
admin.html,reduced-motion,1440,900,PASS,8,16,PASS,PRESENT,33,SOURCE_VERIFIED,NOT_AVAILABLE_NETWORK_HANG
moderator.html,mobile-portrait,390,844,PASS,7,13,PASS,PRESENT,27,SOURCE_VERIFIED,NOT_AVAILABLE_NETWORK_HANG
moderator.html,mobile-landscape,844,390,PASS,7,13,PASS,PRESENT,27,SOURCE_VERIFIED,NOT_AVAILABLE_NETWORK_HANG
moderator.html,tablet,1024,768,PASS,7,13,PASS,PRESENT,27,SOURCE_VERIFIED,NOT_AVAILABLE_NETWORK_HANG
moderator.html,desktop,1440,900,PASS,7,13,PASS,PRESENT,27,SOURCE_VERIFIED,NOT_AVAILABLE_NETWORK_HANG
moderator.html,wide-desktop,1920,1080,PASS,7,13,PASS,PRESENT,27,SOURCE_VERIFIED,NOT_AVAILABLE_NETWORK_HANG
moderator.html,reduced-motion,1440,900,PASS,7,13,PASS,PRESENT,27,SOURCE_VERIFIED,NOT_AVAILABLE_NETWORK_HANG
staff.html,mobile-portrait,390,844,PASS,7,13,PASS,PRESENT,27,SOURCE_VERIFIED,NOT_AVAILABLE_NETWORK_HANG
staff.html,mobile-landscape,844,390,PASS,7,13,PASS,PRESENT,27,SOURCE_VERIFIED,NOT_AVAILABLE_NETWORK_HANG
staff.html,tablet,1024,768,PASS,7,13,PASS,PRESENT,27,SOURCE_VERIFIED,NOT_AVAILABLE_NETWORK_HANG
staff.html,desktop,1440,900,PASS,7,13,PASS,PRESENT,27,SOURCE_VERIFIED,NOT_AVAILABLE_NETWORK_HANG
staff.html,wide-desktop,1920,1080,PASS,7,13,PASS,PRESENT,27,SOURCE_VERIFIED,NOT_AVAILABLE_NETWORK_HANG
staff.html,reduced-motion,1440,900,PASS,7,13,PASS,PRESENT,27,SOURCE_VERIFIED,NOT_AVAILABLE_NETWORK_HANG
financing.html,mobile-portrait,390,844,PASS,8,16,PASS,PRESENT,26,SOURCE_VERIFIED,NOT_AVAILABLE_NETWORK_HANG
financing.html,mobile-landscape,844,390,PASS,8,16,PASS,PRESENT,26,SOURCE_VERIFIED,NOT_AVAILABLE_NETWORK_HANG
financing.html,tablet,1024,768,PASS,8,16,PASS,PRESENT,26,SOURCE_VERIFIED,NOT_AVAILABLE_NETWORK_HANG
financing.html,desktop,1440,900,PASS,8,16,PASS,PRESENT,26,SOURCE_VERIFIED,NOT_AVAILABLE_NETWORK_HANG
financing.html,wide-desktop,1920,1080,PASS,8,16,PASS,PRESENT,26,SOURCE_VERIFIED,NOT_AVAILABLE_NETWORK_HANG
financing.html,reduced-motion,1440,900,PASS,8,16,PASS,PRESENT,26,SOURCE_VERIFIED,NOT_AVAILABLE_NETWORK_HANG
privacy.html,mobile-portrait,390,844,PASS,5,9,PASS,PRESENT,11,SOURCE_VERIFIED,NOT_AVAILABLE_NETWORK_HANG
privacy.html,mobile-landscape,844,390,PASS,5,9,PASS,PRESENT,11,SOURCE_VERIFIED,NOT_AVAILABLE_NETWORK_HANG
privacy.html,tablet,1024,768,PASS,5,9,PASS,PRESENT,11,SOURCE_VERIFIED,NOT_AVAILABLE_NETWORK_HANG
privacy.html,desktop,1440,900,PASS,5,9,PASS,PRESENT,11,SOURCE_VERIFIED,NOT_AVAILABLE_NETWORK_HANG
privacy.html,wide-desktop,1920,1080,PASS,5,9,PASS,PRESENT,11,SOURCE_VERIFIED,NOT_AVAILABLE_NETWORK_HANG
privacy.html,reduced-motion,1440,900,PASS,5,9,PASS,PRESENT,11,SOURCE_VERIFIED,NOT_AVAILABLE_NETWORK_HANG
terms.html,mobile-portrait,390,844,PASS,5,9,PASS,PRESENT,11,SOURCE_VERIFIED,NOT_AVAILABLE_NETWORK_HANG
terms.html,mobile-landscape,844,390,PASS,5,9,PASS,PRESENT,11,SOURCE_VERIFIED,NOT_AVAILABLE_NETWORK_HANG
terms.html,tablet,1024,768,PASS,5,9,PASS,PRESENT,11,SOURCE_VERIFIED,NOT_AVAILABLE_NETWORK_HANG
terms.html,desktop,1440,900,PASS,5,9,PASS,PRESENT,11,SOURCE_VERIFIED,NOT_AVAILABLE_NETWORK_HANG
terms.html,wide-desktop,1920,1080,PASS,5,9,PASS,PRESENT,11,SOURCE_VERIFIED,NOT_AVAILABLE_NETWORK_HANG
terms.html,reduced-motion,1440,900,PASS,5,9,PASS,PRESENT,11,SOURCE_VERIFIED,NOT_AVAILABLE_NETWORK_HANG
