page,dom_ids,tab_nav_markers,nav_refs
active_development/moderator.html,30,24,9
active_development/profile.html,263,37,37
active_development/register.html,16,0,36
active_development/index.html,42,5,77
active_development/financing.html,1,0,15
active_development/privacy.html,0,0,6
active_development/staff.html,40,28,9
active_development/login.html,10,0,37
active_development/market.html,83,0,16
active_development/admin.html,62,33,13
active_development/broker-hq.html,58,3,17
active_development/terms.html,0,0,6
active_development/verify/index.html,7,0,11
active_development/3d/viewer/SweetHome3DJSViewer-7.5.2/HomeFinderViewer.html,8,0,3
active_development/3d/viewer/SweetHome3DJSViewer-7.5.2/HomeFinderViewerOverlay.html,0,0,3
